{
  "averages": [
    {
      "Type": "Average per DDR",
      "precision": 0.934119278779473,
      "recall": 0.934119278779473,
      "f1": 0.934119278779473
    },
    {
      "Type": "Average per Tag",
      "precision": 0.5135135135135135,
      "recall": 0.95,
      "f1": 0.6666666666666666
    }
  ],
  "per_tag": [
    {
      "tag": "tighthole",
      "precision": 0.5135135135135135,
      "recall": 0.95,
      "f1": 0.6666666666666666,
      "true_positives": 95,
      "positives_in_ground_truth": 100,
      "negatives_in_ground_truth": 1342
    }
  ]
}