{
  "averages": [
    {
      "Type": "Average per DDR",
      "precision": 0.9653259361997226,
      "recall": 0.9653259361997226,
      "f1": 0.9653259361997226
    },
    {
      "Type": "Average per Tag",
      "precision": 0.7804878048780488,
      "recall": 0.9014084507042254,
      "f1": 0.8366013071895425
    }
  ],
  "per_tag": [
    {
      "tag": "lowrop",
      "precision": 0.7804878048780488,
      "recall": 0.9014084507042254,
      "f1": 0.8366013071895425,
      "true_positives": 128,
      "positives_in_ground_truth": 142,
      "negatives_in_ground_truth": 1300
    }
  ]
}