{
  "averages": [
    {
      "Type": "Average per DDR",
      "precision": 0.8666666666666667,
      "recall": 0.8666666666666667,
      "f1": 0.8666666666666667
    },
    {
      "Type": "Average per Tag",
      "precision": 0.37662337662337664,
      "recall": 1.0,
      "f1": 0.5471698113207547
    }
  ],
  "per_tag": [
    {
      "tag": "tighthole",
      "precision": 0.37662337662337664,
      "recall": 1.0,
      "f1": 0.5471698113207547,
      "true_positives": 29,
      "positives_in_ground_truth": 29,
      "negatives_in_ground_truth": 331
    }
  ]
}