{
  "averages": [
    {
      "Type": "Average per DDR",
      "precision": 0.9986130374479889,
      "recall": 0.9986130374479889,
      "f1": 0.9986130374479889
    },
    {
      "Type": "Average per Tag",
      "precision": 0.9759036144578314,
      "recall": 1.0,
      "f1": 0.9878048780487805
    }
  ],
  "per_tag": [
    {
      "tag": "packoff",
      "precision": 0.9759036144578314,
      "recall": 1.0,
      "f1": 0.9878048780487805,
      "true_positives": 81,
      "positives_in_ground_truth": 81,
      "negatives_in_ground_truth": 1361
    }
  ]
}