{
  "averages": [
    {
      "Type": "Average per DDR",
      "precision": 0.9909847434119279,
      "recall": 0.9909847434119279,
      "f1": 0.9909847434119279
    },
    {
      "Type": "Average per Tag",
      "precision": 0.7804878048780488,
      "recall": 0.8888888888888888,
      "f1": 0.8311688311688312
    }
  ],
  "per_tag": [
    {
      "tag": "holecleaning",
      "precision": 0.7804878048780488,
      "recall": 0.8888888888888888,
      "f1": 0.8311688311688312,
      "true_positives": 32,
      "positives_in_ground_truth": 36,
      "negatives_in_ground_truth": 1406
    }
  ]
}